<?xml version="1.0" encoding="UTF-8"?>
<project-private xmlns="http://www.netbeans.org/ns/project-private/1">
    <editor-bookmarks xmlns="http://www.netbeans.org/ns/editor-bookmarks/2" lastBookmarkId="0"/>
    <open-files xmlns="http://www.netbeans.org/ns/projectui-open-files/2">
        <group name="PRJ301-Project">
            <file>file:/C:/Users/admin/Downloads/hihi/ClubNe/ClubNe/src/java/dao/BlogsDAO.java</file>
            <file>file:/C:/Users/admin/Downloads/hihi/ClubNe/ClubNe/web/view/main-view/admin/admin-home-blog.jsp</file>
            <file>file:/C:/Users/admin/Downloads/hihi/ClubNe/ClubNe/src/java/controller/BlogsServlet.java</file>
            <file>file:/C:/Users/admin/Downloads/hihi/ClubNe/ClubNe/web/view/main-view/home-add-blogs.jsp</file>
            <file>file:/C:/Users/admin/Downloads/hihi/ClubNe/ClubNe/web/view/main-view/user/home-user.jsp</file>
            <file>file:/C:/Users/admin/Downloads/hihi/ClubNe/ClubNe/web/view/main-view/admin/admin-nav-content.jsp</file>
            <file>file:/C:/Users/admin/Downloads/hihi/ClubNe/ClubNe/web/view/main-view/home-blog.jsp</file>
            <file>file:/C:/Users/admin/Downloads/hihi/ClubNe/ClubNe/web/view/main-view/home-blog-detail.jsp</file>
            <file>file:/C:/Users/admin/Downloads/hihi/ClubNe/ClubNe/src/java/controller/NotificationServlet.java</file>
            <file>file:/C:/Users/admin/Downloads/hihi/ClubNe/ClubNe/web/view/notifications.jsp</file>
            <file>file:/C:/Users/admin/Downloads/hihi/ClubNe/ClubNe/web/view/user/user-sidebar.jsp</file>
            <file>file:/C:/Users/admin/Downloads/hihi/ClubNe/ClubNe/web/view/main-view/user/user-home-blog.jsp</file>
            <file>file:/C:/Users/admin/Downloads/hihi/ClubNe/ClubNe/web/view/main-view/user/user-nav-content.jsp</file>
            <file>file:/C:/Users/admin/Downloads/hihi/ClubNe/ClubNe/web/view/main-view/chairman/chairman-home-blog.jsp</file>
            <file>file:/C:/Users/admin/Downloads/hihi/ClubNe/ClubNe/web/view/chairman/chairman-sidebar.jsp</file>
            <file>file:/C:/Users/admin/Downloads/hihi/ClubNe/ClubNe/web/view/user/user-content.jsp</file>
            <file>file:/C:/Users/admin/Downloads/hihi/ClubNe/ClubNe/web/WEB-INF/web.xml</file>
            <file>file:/C:/Users/admin/Downloads/hihi/ClubNe/ClubNe/web/view/user/user.jsp</file>
        </group>
        <group>
            <file>file:/C:/Users/A/Downloads/clubb/ClubNe/src/java/model/Users.java</file>
            <file>file:/C:/Users/A/Downloads/clubb/ClubNe/src/java/controller/GetEventsServlet.java</file>
            <file>file:/C:/Users/A/Downloads/clubb/ClubNe/web/view/attendance.jsp</file>
            <file>file:/C:/Users/A/Downloads/clubb/ClubNe/src/java/dao/UsersDAO.java</file>
            <file>file:/C:/Users/A/Downloads/clubb/ClubNe/src/java/dao/EventDAO.java</file>
            <file>file:/C:/Users/A/Downloads/clubb/ClubNe/src/java/controller/AttendanceServlet.java</file>
            <file>file:/C:/Users/A/Downloads/clubb/ClubNe/web/view/reports.jsp</file>
            <file>file:/C:/Users/A/Downloads/clubb/ClubNe/src/java/model/Events.java</file>
        </group>
    </open-files>
</project-private>
